{
  "dataset": "..\\user_behavior.csv",
  "sequence_len": 5,
  "train_samples": 864,
  "val_samples": 216,
  "test_samples": 270,
  "num_classes": 100,
  "device": "cpu",
  "ranking_rule": [
    "f1_macro",
    "top3_accuracy",
    "accuracy"
  ],
  "comparison": [
    {
      "model": "bilstm",
      "params": 231077,
      "training_seconds": 2.7548745999993116,
      "loss": 5.455583953857422,
      "accuracy": 0.05555555555555555,
      "precision_macro": 0.02950412471689067,
      "recall_macro": 0.06365248226950354,
      "f1_macro": 0.03465061221631935,
      "top3_accuracy": 0.17777777777777778,
      "checkpoint": "artifacts\\sequence_models\\bilstm.pt"
    },
    {
      "model": "rnn",
      "params": 44325,
      "training_seconds": 2.5794644999987213,
      "loss": 5.454262161254883,
      "accuracy": 0.04814814814814815,
      "precision_macro": 0.027151211361737676,
      "recall_macro": 0.05185463659147869,
      "f1_macro": 0.031707705326737425,
      "top3_accuracy": 0.15925925925925927,
      "checkpoint": "artifacts\\sequence_models\\rnn.pt"
    },
    {
      "model": "lstm",
      "params": 118821,
      "training_seconds": 1.678686799999923,
      "loss": 5.494345569610596,
      "accuracy": 0.040740740740740744,
      "precision_macro": 0.019402054680187675,
      "recall_macro": 0.0354296066252588,
      "f1_macro": 0.02128055011350206,
      "top3_accuracy": 0.16296296296296298,
      "checkpoint": "artifacts\\sequence_models\\lstm.pt"
    }
  ],
  "model_best": {
    "model": "bilstm",
    "params": 231077,
    "checkpoint": "artifacts\\sequence_models\\model_best.pt",
    "metrics": {
      "accuracy": 0.05555555555555555,
      "precision_macro": 0.02950412471689067,
      "recall_macro": 0.06365248226950354,
      "f1_macro": 0.03465061221631935,
      "top3_accuracy": 0.17777777777777778,
      "loss": 5.455583953857422
    }
  },
  "id_mapping": {
    "product_to_idx": {
      "1": 1,
      "2": 2,
      "3": 3,
      "4": 4,
      "5": 5,
      "6": 6,
      "7": 7,
      "8": 8,
      "9": 9,
      "10": 10,
      "11": 11,
      "12": 12,
      "13": 13,
      "14": 14,
      "15": 15,
      "16": 16,
      "17": 17,
      "18": 18,
      "19": 19,
      "20": 20,
      "21": 21,
      "22": 22,
      "23": 23,
      "24": 24,
      "25": 25,
      "26": 26,
      "27": 27,
      "28": 28,
      "29": 29,
      "30": 30,
      "31": 31,
      "32": 32,
      "33": 33,
      "34": 34,
      "35": 35,
      "36": 36,
      "37": 37,
      "38": 38,
      "39": 39,
      "40": 40,
      "41": 41,
      "42": 42,
      "43": 43,
      "44": 44,
      "45": 45,
      "46": 46,
      "47": 47,
      "48": 48,
      "49": 49,
      "50": 50,
      "51": 51,
      "52": 52,
      "53": 53,
      "54": 54,
      "55": 55,
      "56": 56,
      "57": 57,
      "58": 58,
      "59": 59,
      "60": 60,
      "61": 61,
      "62": 62,
      "63": 63,
      "64": 64,
      "65": 65,
      "66": 66,
      "67": 67,
      "68": 68,
      "69": 69,
      "70": 70,
      "71": 71,
      "72": 72,
      "73": 73,
      "74": 74,
      "75": 75,
      "76": 76,
      "77": 77,
      "78": 78,
      "79": 79,
      "80": 80,
      "81": 81,
      "82": 82,
      "83": 83,
      "84": 84,
      "85": 85,
      "86": 86,
      "87": 87,
      "88": 88,
      "89": 89,
      "90": 90,
      "91": 91,
      "92": 92,
      "93": 93,
      "94": 94,
      "95": 95,
      "96": 96,
      "97": 97,
      "98": 98,
      "99": 99,
      "100": 100
    },
    "idx_to_product": {
      "1": 1,
      "2": 2,
      "3": 3,
      "4": 4,
      "5": 5,
      "6": 6,
      "7": 7,
      "8": 8,
      "9": 9,
      "10": 10,
      "11": 11,
      "12": 12,
      "13": 13,
      "14": 14,
      "15": 15,
      "16": 16,
      "17": 17,
      "18": 18,
      "19": 19,
      "20": 20,
      "21": 21,
      "22": 22,
      "23": 23,
      "24": 24,
      "25": 25,
      "26": 26,
      "27": 27,
      "28": 28,
      "29": 29,
      "30": 30,
      "31": 31,
      "32": 32,
      "33": 33,
      "34": 34,
      "35": 35,
      "36": 36,
      "37": 37,
      "38": 38,
      "39": 39,
      "40": 40,
      "41": 41,
      "42": 42,
      "43": 43,
      "44": 44,
      "45": 45,
      "46": 46,
      "47": 47,
      "48": 48,
      "49": 49,
      "50": 50,
      "51": 51,
      "52": 52,
      "53": 53,
      "54": 54,
      "55": 55,
      "56": 56,
      "57": 57,
      "58": 58,
      "59": 59,
      "60": 60,
      "61": 61,
      "62": 62,
      "63": 63,
      "64": 64,
      "65": 65,
      "66": 66,
      "67": 67,
      "68": 68,
      "69": 69,
      "70": 70,
      "71": 71,
      "72": 72,
      "73": 73,
      "74": 74,
      "75": 75,
      "76": 76,
      "77": 77,
      "78": 78,
      "79": 79,
      "80": 80,
      "81": 81,
      "82": 82,
      "83": 83,
      "84": 84,
      "85": 85,
      "86": 86,
      "87": 87,
      "88": 88,
      "89": 89,
      "90": 90,
      "91": 91,
      "92": 92,
      "93": 93,
      "94": 94,
      "95": 95,
      "96": 96,
      "97": 97,
      "98": 98,
      "99": 99,
      "100": 100
    }
  }
}